epoch,lr,train_loss,train_dice,val_loss,val_dice,seconds
1,2.00000000e-04,1.770687,0.581672,1.571455,0.738092,36.60
2,1.99965904e-04,1.605178,0.651833,1.479169,0.695618,31.98
3,1.99863639e-04,1.483358,0.696997,1.394107,0.730923,39.55
4,1.99693275e-04,1.390318,0.728975,1.325209,0.733551,37.19
5,1.99454929e-04,1.282647,0.769728,1.348524,0.758737,33.46
6,1.99148764e-04,1.222819,0.777071,1.218988,0.745983,37.09
7,1.98774990e-04,1.173628,0.766393,1.195264,0.810870,37.07
8,1.98333863e-04,1.090845,0.803760,1.130764,0.818984,31.70
9,1.97825686e-04,1.054889,0.802947,1.131579,0.812817,34.04
10,1.97250807e-04,0.992301,0.822331,1.115212,0.807111,33.50
11,1.96609620e-04,0.957556,0.813762,1.087448,0.824468,34.30
12,1.95902564e-04,0.935241,0.825121,1.043868,0.830423,31.21
13,1.95130123e-04,0.870844,0.846894,1.127575,0.783701,31.39
14,1.94292828e-04,0.881099,0.818163,1.026004,0.833312,34.71
15,1.93391252e-04,0.827264,0.853837,1.056360,0.814474,39.46
16,1.92426013e-04,0.808242,0.842890,1.006577,0.841833,30.38
17,1.91397773e-04,0.829105,0.837718,1.077293,0.820401,42.66
18,1.90307236e-04,0.749635,0.861683,0.928617,0.857543,37.14
19,1.89155149e-04,0.769833,0.855490,1.024097,0.835692,38.15
20,1.87942303e-04,0.768425,0.843597,0.930785,0.859242,32.48
21,1.86669528e-04,0.742894,0.856548,1.073329,0.817994,36.31
22,1.85337696e-04,0.712926,0.860113,1.055643,0.817432,36.10
23,1.83947722e-04,0.685857,0.877222,0.918746,0.856512,36.97
24,1.82500556e-04,0.672747,0.871817,0.935576,0.843313,35.00
25,1.80997191e-04,0.688756,0.864158,0.946954,0.850872,33.66
26,1.79438657e-04,0.629664,0.882313,1.006459,0.833434,33.12
27,1.77826023e-04,0.659716,0.874028,0.967443,0.823833,32.70
28,1.76160394e-04,0.685577,0.867617,1.090417,0.825816,34.02
29,1.74442910e-04,0.658395,0.871311,0.954132,0.843639,32.87
30,1.72674750e-04,0.598476,0.885588,0.831819,0.848869,40.90
31,1.70857125e-04,0.647475,0.874714,0.863315,0.850162,38.11
32,1.68991280e-04,0.623507,0.876131,0.995258,0.817156,35.03
33,1.67078495e-04,0.599603,0.885560,0.991222,0.828911,33.99
34,1.65120081e-04,0.607898,0.884965,0.936978,0.860533,37.08
35,1.63117379e-04,0.574159,0.895023,0.905052,0.851441,40.22
36,1.61071762e-04,0.594912,0.885214,0.893731,0.834204,35.07
37,1.58984633e-04,0.567784,0.898457,0.905058,0.851933,34.73
38,1.56857421e-04,0.581003,0.891442,0.885110,0.861561,35.97
39,1.54691584e-04,0.584339,0.888432,0.892492,0.850877,32.91
40,1.52488607e-04,0.547663,0.902913,0.902126,0.851583,32.83
41,1.50250000e-04,0.542237,0.904713,0.815691,0.862285,33.68
42,1.47977297e-04,0.557754,0.895663,0.933417,0.852933,32.48
43,1.45672055e-04,0.557906,0.896980,0.892554,0.854874,34.37
44,1.43335854e-04,0.571706,0.890152,0.863826,0.876553,31.07
45,1.40970296e-04,0.535554,0.904382,0.850257,0.860243,36.70
46,1.38577002e-04,0.520763,0.907561,0.946256,0.843867,35.76
47,1.36157611e-04,0.508073,0.916812,0.950060,0.846791,29.45
48,1.33713782e-04,0.545672,0.903786,0.821646,0.852824,42.07
49,1.31247191e-04,0.544399,0.900502,0.985748,0.874933,31.46
50,1.28759527e-04,0.512867,0.913704,0.846220,0.867075,33.27
51,1.26252495e-04,0.518758,0.911437,0.796336,0.880407,37.52
52,1.23727814e-04,0.504090,0.916242,0.883253,0.847844,33.83
53,1.21187213e-04,0.508692,0.911689,0.854808,0.851874,31.63
54,1.18632435e-04,0.502711,0.914239,0.978771,0.844212,34.56
55,1.16065229e-04,0.495929,0.915223,0.925749,0.865291,33.70
56,1.13487356e-04,0.485456,0.917996,0.776094,0.881207,32.34
57,1.10900582e-04,0.531617,0.909269,0.953139,0.850466,32.16
58,1.08306680e-04,0.491420,0.916206,0.870983,0.855061,41.14
59,1.05707428e-04,0.470557,0.924892,0.878959,0.851084,36.29
60,1.03104606e-04,0.473296,0.923555,0.896430,0.866815,37.43
61,1.00500000e-04,0.466949,0.924095,0.865752,0.861817,37.83
62,9.78953936e-05,0.469682,0.922577,0.853487,0.882961,32.55
63,9.52925724e-05,0.458896,0.927140,0.820069,0.880595,32.33
64,9.26933200e-05,0.458301,0.926684,0.869158,0.851040,35.29
65,9.00994179e-05,0.462846,0.926276,0.843592,0.871800,36.92
66,8.75126439e-05,0.481535,0.921515,0.856738,0.857148,35.25
67,8.49347707e-05,0.459372,0.927877,0.866819,0.860130,32.25
68,8.23675652e-05,0.445328,0.930334,0.866141,0.879979,35.07
69,7.98127868e-05,0.434556,0.933184,0.875746,0.872340,32.47
70,7.72721863e-05,0.447448,0.933804,0.835164,0.879386,32.72
71,7.47475050e-05,0.445534,0.933764,0.869328,0.881874,31.18
72,7.22404732e-05,0.425527,0.936517,0.798796,0.880217,35.18
73,6.97528091e-05,0.427122,0.940140,0.839013,0.865698,35.09
74,6.72862175e-05,0.442604,0.931854,0.874695,0.884307,31.46
75,6.48423890e-05,0.417776,0.940298,0.900558,0.859977,39.72
76,6.24229985e-05,0.429785,0.935876,0.831467,0.884010,36.80
77,6.00297040e-05,0.422420,0.938788,0.854766,0.858232,37.71
78,5.76641459e-05,0.431791,0.935638,0.924324,0.878169,33.02
79,5.53279453e-05,0.424128,0.940665,0.851027,0.880063,32.49
80,5.30227034e-05,0.429675,0.937797,0.866113,0.888882,35.61
81,5.07500000e-05,0.413902,0.941189,0.869747,0.876015,33.80
82,4.85113928e-05,0.417574,0.939343,0.881658,0.880097,38.40
83,4.63084160e-05,0.424772,0.939273,0.849840,0.870966,35.75
84,4.41425794e-05,0.414505,0.942031,0.856117,0.872349,32.23
85,4.20153674e-05,0.428044,0.936743,0.840596,0.881310,32.61
86,3.99282378e-05,0.409061,0.944013,0.841573,0.879530,29.66
87,3.78826211e-05,0.394752,0.949709,0.844357,0.884505,31.06
88,3.58799192e-05,0.404052,0.946239,0.859680,0.889331,32.86
89,3.39215047e-05,0.398410,0.944249,0.819149,0.888944,32.86
90,3.20087197e-05,0.404801,0.944304,0.861814,0.889149,32.08
91,3.01428753e-05,0.393445,0.947797,0.856865,0.886826,36.48
92,2.83252501e-05,0.391120,0.948149,0.871944,0.882832,36.06
93,2.65570899e-05,0.399712,0.945694,0.885129,0.863981,33.50
94,2.48396064e-05,0.396671,0.946444,0.878588,0.871885,37.10
95,2.31739768e-05,0.391949,0.947889,0.849024,0.885813,34.22
96,2.15613426e-05,0.410500,0.942077,0.832409,0.888301,36.80
97,2.00028091e-05,0.396056,0.946047,0.828679,0.885641,32.10
98,1.84994442e-05,0.387186,0.948582,0.846634,0.884144,35.88
99,1.70522785e-05,0.385430,0.950070,0.848175,0.891297,34.74
100,1.56623036e-05,0.388398,0.950530,0.837669,0.886273,38.25
101,1.43304723e-05,0.395014,0.947156,0.826431,0.885467,40.15
102,1.30576973e-05,0.386753,0.947468,0.842158,0.885125,33.63
103,1.18448508e-05,0.391409,0.946587,0.834949,0.889947,41.23
104,1.06927642e-05,0.382876,0.950735,0.845196,0.885964,36.70
105,9.60222696e-06,0.384213,0.950824,0.842502,0.887357,38.09
106,8.57398652e-06,0.367101,0.955788,0.851415,0.890268,35.87
107,7.60874756e-06,0.387821,0.949389,0.848272,0.886944,35.99
108,6.70717164e-06,0.380035,0.951753,0.862237,0.885565,37.01
109,5.86987663e-06,0.390225,0.948902,0.857966,0.887551,37.43
110,5.09743638e-06,0.372841,0.954024,0.857269,0.887498,36.57
111,4.39038028e-06,0.378671,0.952796,0.853789,0.888019,35.43
112,3.74919292e-06,0.388550,0.948989,0.853701,0.888241,30.71
113,3.17431373e-06,0.376602,0.952442,0.851432,0.888338,34.60
114,2.66613670e-06,0.384981,0.949391,0.854531,0.888358,35.72
115,2.22501011e-06,0.383852,0.951647,0.847945,0.887952,40.49
116,1.85123629e-06,0.388654,0.950354,0.850899,0.887374,35.74
117,1.54507141e-06,0.370881,0.954624,0.853144,0.887793,38.00
118,1.30672529e-06,0.383490,0.950132,0.851662,0.887701,37.81
119,1.13636129e-06,0.368762,0.956541,0.852316,0.888021,33.56
120,1.03409616e-06,0.377737,0.952542,0.848609,0.887903,34.85
